{
    "Afghanistan ": [
        33.7680065,
        66.2385139
    ],
    "Albania ": [
        41.000028,
        19.9999619
    ],
    "Algeria ": [
        28.0000272,
        2.9999825
    ],
    "Andorra ": [
        42.5407167,
        1.5732033
    ],
    "Angola ": [
        -11.8775768,
        17.5691241
    ],
    "Antarctica ": [
        -79.4063075,
        0.3149312
    ],
    "Argentina ": [
        -34.9964963,
        -64.9672817
    ],
    "Australia Australian Capital Territory": [
        -35.4883502,
        149.0026942
    ],
    "Australia New South Wales": [
        -31.8759835,
        147.2869493
    ],
    "Australia Northern Territory": [
        -19.8516101,
        133.2303375
    ],
    "Australia Queensland": [
        -22.1646782,
        144.5844903
    ],
    "Australia South Australia": [
        -30.5343665,
        135.6301212
    ],
    "Australia Tasmania": [
        -42.035067,
        146.6366887
    ],
    "Australia Victoria": [
        -36.5986096,
        144.6780052
    ],
    "Australia Western Australia": [
        -25.2303005,
        121.0187246
    ],
    "Austria ": [
        47.59397,
        14.12456
    ],
    "Azerbaijan ": [
        40.3936294,
        47.7872508
    ],
    "Bahamas ": [
        24.7736546,
        -78.0000547
    ],
    "Bahrain ": [
        26.1551249,
        50.5344606
    ],
    "Bangladesh ": [
        24.4769288,
        90.2934413
    ],
    "Barbados ": [
        13.1500331,
        -59.5250305
    ],
    "Belarus ": [
        53.4250605,
        27.6971358
    ],
    "Belgium ": [
        50.6402809,
        4.6667145
    ],
    "Belize ": [
        16.8259793,
        -88.7600927
    ],
    "Benin ": [
        9.5293472,
        2.2584408
    ],
    "Bhutan ": [
        27.549511,
        90.5119273
    ],
    "Bolivia ": [
        -17.0568696,
        -64.9912286
    ],
    "Bosnia and Herzegovina ": [
        44.3053476,
        17.5961467
    ],
    "Botswana ": [
        -23.1681782,
        24.5928742
    ],
    "Brazil ": [
        -10.3333333,
        -53.2
    ],
    "Brunei ": [
        4.4137155,
        114.5653908
    ],
    "Bulgaria ": [
        42.6073975,
        25.4856617
    ],
    "Burkina Faso ": [
        12.0753083,
        -1.6880314
    ],
    "Burma ": [
        17.1750495,
        95.9999652
    ],
    "Burundi ": [
        -3.426449,
        29.9324519
    ],
    "Cabo Verde ": [
        16.0000552,
        -24.0083947
    ],
    "Cambodia ": [
        13.5066394,
        104.869423
    ],
    "Cameroon ": [
        4.6125522,
        13.1535811
    ],
    "Canada Alberta": [
        55.001251,
        -115.002136
    ],
    "Canada British Columbia": [
        55.001251,
        -125.002441
    ],
    "Canada Grand Princess": [
        47.5966355,
        -52.7116822
    ],
    "Canada Manitoba": [
        55.001251,
        -97.001038
    ],
    "Canada Newfoundland and Labrador": [
        53.8217327,
        -61.2295532
    ],
    "Canada Northwest Territories": [
        65.0000004,
        -118
    ],
    "Canada Nova Scotia": [
        45.1960403,
        -63.1653789
    ],
    "Canada Nunavut": [
        65.0377727,
        -92.5540791
    ],
    "Canada Ontario": [
        50.000678,
        -86.000977
    ],
    "Canada Prince Edward Island": [
        46.503545349999996,
        -63.595517139914485
    ],
    "Canada Quebec": [
        52.4760892,
        -71.8258668
    ],
    "Canada Saskatchewan": [
        55.5321257,
        -106.1412243
    ],
    "Canada Yukon": [
        63.000147,
        -136.002502
    ],
    "Central African Republic ": [
        7.0323598,
        19.9981227
    ],
    "Chad ": [
        15.6134137,
        19.0156172
    ],
    "Chile ": [
        -31.7613365,
        -71.3187697
    ],
    "China Anhui": [
        32,
        117
    ],
    "China Beijing": [
        39.6566257,
        -104.900937
    ],
    "China Fujian": [
        26.5450001,
        117.842778
    ],
    "China Gansu": [
        38.0000001,
        101.9999999
    ],
    "China Guangdong": [
        23.1357694,
        113.1982688
    ],
    "China Guangxi": [
        -8.8191074,
        13.2435036
    ],
    "China Guizhou": [
        27,
        107
    ],
    "China Hainan": [
        19.2000001,
        109.5999999
    ],
    "China Heilongjiang": [
        48.0000047,
        127.999992
    ],
    "China Henan": [
        34.0000001,
        113.9999999
    ],
    "China Hong Kong": [
        22.2793278,
        114.1628131
    ],
    "China Hunan": [
        27.6662087,
        111.7487063
    ],
    "China Inner Mongolia": [
        43.2443242,
        114.3251664
    ],
    "China Jiangsu": [
        33.0000001,
        119.9999999
    ],
    "China Jiangxi": [
        28,
        116
    ],
    "China Liaoning": [
        40.9975197,
        122.9955469
    ],
    "China Ningxia": [
        37.0000001,
        105.9999999
    ],
    "China Qinghai": [
        35.40709525,
        95.95211573241954
    ],
    "China Shandong": [
        36.0000001,
        118.9999999
    ],
    "China Shanghai": [
        31.2322758,
        121.4692071
    ],
    "China Shanxi": [
        37,
        112
    ],
    "China Sichuan": [
        45.8218962,
        16.02148246137324
    ],
    "China Tianjin": [
        39.0856735,
        117.1951073
    ],
    "China Tibet": [
        29.8556443,
        90.8749807
    ],
    "China Unknown": [
        37.6955832,
        93.5275125
    ],
    "China Yunnan": [
        25,
        102
    ],
    "Colombia ": [
        4.099917,
        -72.9088133
    ],
    "Comoros ": [
        -12.2045176,
        44.2832964
    ],
    "Congo (Brazzaville) ": [
        -0.7264327,
        15.6419155
    ],
    "Congo (Kinshasa) ": [
        -2.9814344,
        23.8222636
    ],
    "Costa Rica ": [
        10.2735633,
        -84.0739102
    ],
    "Croatia ": [
        45.5643442,
        17.0118954
    ],
    "Cuba ": [
        23.0131338,
        -80.8328748
    ],
    "Czechia ": [
        49.8167003,
        15.4749544
    ],
    "Denmark Faroe Islands": [
        55.78941545,
        12.4976698
    ],
    "Denmark Greenland": [
        55.68056625,
        12.576768313255688
    ],
    "Denmark ": [
        55.670249,
        10.3333283
    ],
    "Diamond Princess ": [
        53.8953584,
        27.5554078
    ],
    "Djibouti ": [
        11.8145966,
        42.8453061
    ],
    "Dominica ": [
        19.0974031,
        -70.3028026
    ],
    "Dominican Republic ": [
        19.0974031,
        -70.3028026
    ],
    "Ecuador ": [
        -1.3397668,
        -79.3666965
    ],
    "Egypt ": [
        26.2540493,
        29.2675469
    ],
    "El Salvador ": [
        13.8000382,
        -88.9140683
    ],
    "Equatorial Guinea ": [
        1.613172,
        10.5170357
    ],
    "Estonia ": [
        58.7523778,
        25.3319078
    ],
    "Ethiopia ": [
        10.2116702,
        38.6521203
    ],
    "Fiji ": [
        -18.1239696,
        179.0122737
    ],
    "Finland ": [
        63.2467777,
        25.9209164
    ],
    "France French Guiana": [
        4.0039882,
        -52.999998
    ],
    "France Guadeloupe": [
        16.2490067,
        -61.5650444
    ],
    "France Martinique": [
        14.6367927,
        -61.01582685063731
    ],
    "France New Caledonia": [
        -21.3019905,
        165.4880773
    ],
    "France Reunion": [
        -21.130737949999997,
        55.536480112992315
    ],
    "France Saint Barthelemy": [
        17.9036287,
        -62.811568843006896
    ],
    "France St Martin": [
        48.57373320000001,
        6.752060877721808
    ],
    "France Wallis and Futuna": [
        -13.289402,
        -176.204224
    ],
    "Gambia ": [
        13.470062,
        -15.4900464
    ],
    "Georgia ": [
        41.6809707,
        44.0287382
    ],
    "Ghana ": [
        8.0300284,
        -1.0800271
    ],